"reference_id","referencing_path","pre_sha256","legacy_occurrences","classification","required_action","postcondition","cutover_state"
"REF-001",".agents/skills/audience-understanding/SKILL.md","84F25DA1C7FDE450B74628BE8C8D3117A377F3B75D4B4F77016E583E067D4316","1","operational-transition","Repoint canonical skill path to target during atomic cutover.","Wrapper resolves only to target; old occurrence absent.","planned-not-authorized"
"REF-002",".agents/skills/b2b-gtm-mapping/SKILL.md","40FDD450A1A1B5FD9F5AA3AE7DDB7A517027B8503C5C84189F85D0E0531395B6","1","operational-transition","Repoint canonical skill path to target during atomic cutover.","Wrapper resolves only to target; old occurrence absent.","planned-not-authorized"
"REF-003",".agents/skills/buying-contexts/SKILL.md","05B43ED51DF98FDC1FC3CCC419640898179ED67FEA10EF89E496CE4650D03D0F","1","operational-transition","Repoint canonical skill path to target during atomic cutover.","Wrapper resolves only to target; old occurrence absent.","planned-not-authorized"
"REF-004",".agents/skills/claim-governance/SKILL.md","706F187E7AEBF532D8753B8CBF4170FE3C027D8E59F548548AB69D0B78FF3755","1","operational-transition","Repoint canonical skill path to target during atomic cutover.","Wrapper resolves only to target; old occurrence absent.","planned-not-authorized"
"REF-005",".agents/skills/company-evidence-intake/SKILL.md","04DC0B006D926CAA7F4DE05F9A8DDCDD4884A217B3C7C014B0F9CDD3CEB4060D","1","operational-transition","Repoint canonical skill path to target during atomic cutover.","Wrapper resolves only to target; old occurrence absent.","planned-not-authorized"
"REF-006",".agents/skills/contextops-validator/SKILL.md","4BBD5821B60201B5288DAB2E2AEF221B6B8033A2C7C9A284A8AD1823DAFC8614","1","operational-transition","Repoint canonical skill path to target during atomic cutover.","Wrapper resolves only to target; old occurrence absent.","planned-not-authorized"
"REF-007",".agents/skills/framework-builder/SKILL.md","DC8BA4393E1078D62A79FFC1E4D0ADDB0D5F8C42F031513AB190D227CE4C04A9","1","historical-preserve","Do not repoint in this cutover; held root-shared dependency remains Legacy.","Hash and one old occurrence unchanged.","planned-not-authorized"
"REF-008",".agents/skills/marktanalyse/SKILL.md","C8EBF9A4090ED636CE4230D299585E1857A1712420715832F39F7F3CA7A608F7","1","operational-transition","Repoint canonical skill path to target during atomic cutover.","Wrapper resolves only to target; old occurrence absent.","planned-not-authorized"
"REF-009",".agents/skills/proof-led-positioning/SKILL.md","61D728A58F132FB58F9B2484CEA92748473464D84DDF99167AF466EE6F81CDE1","1","operational-transition","Repoint canonical skill path to target during atomic cutover.","Wrapper resolves only to target; old occurrence absent.","planned-not-authorized"
"REF-010",".agents/skills/second-brain-framework-fit/SKILL.md","F25C968ADF3D4B1FC3FEB11925E47004A30B500FD994EE141AD12B0C3C2B8F40","1","operational-transition","Repoint canonical skill path to target during atomic cutover.","Wrapper resolves only to target; old occurrence absent.","planned-not-authorized"
"REF-011",".agents/skills/segmentation-strategy/SKILL.md","96AC15E369E5C051917168C6DB4A83F54BF28086F5DE061ACE2AD1FB086FA497","1","operational-transition","Repoint canonical skill path to target during atomic cutover.","Wrapper resolves only to target; old occurrence absent.","planned-not-authorized"
"REF-012","projects/abm-operating-system/2026-07-21-abm-operating-system-implementation-plan.md","C268AB4DBAA365EEAD8849D6CBBED1A07B9D1E654C29AD2F821D68413A9B36A4","1","historical-preserve","No path rewrite.","Hash and occurrence count unchanged.","planned-not-authorized"
"REF-013","projects/abm-operating-system/decisions/log.md","896F9F58191E50ACE974760F36F93F46AEB37552B481BA712283B580A0CF33FA","1","historical-preserve","No path rewrite; future entries append only.","Existing bytes and occurrence remain historical.","planned-not-authorized"
"REF-014","projects/abm-operating-system/frameworks/_meta/improvement-backlog.md","702C4F41F20738C3A21B302853E06A4E64F3611944E46719510A8908120238F4","1","historical-preserve","No path rewrite.","Hash and occurrence count unchanged.","planned-not-authorized"
"REF-015","projects/abm-operating-system/frameworks/_meta/usage-log.md","419507BC6CF086F8F7D73B5502D10211D965EFDC11756D04EC9EC037119CF387","1","historical-preserve","No path rewrite.","Hash and occurrence count unchanged.","planned-not-authorized"
"REF-016","projects/abm-operating-system/wiki/_outputs/abm-seed-asset-manifest.md","D7DFE78B48166815541E64974DDE573E396F1D6A940DFBFD98E01ED5C22CB55E","22","historical-preserve","No path rewrite.","Hash and 22 occurrences unchanged.","planned-not-authorized"
"REF-017","projects/company-workspaces/README.md","D2E46DBA85E2EC7D35984E9B0E248A299053087AA1A407FABD6489F59F82A00A","1","historical-preserve","No path rewrite until a separate workspace-admission gate.","Existing embedded-location evidence remains.","planned-not-authorized"
"REF-018","projects/content-operating-system/frameworks/creative-direction/strategic-creative-direction.md","5BE809800A3DCAFCC6A55B4A51E2157B7FCA165C34A6D5E4AF0DE3C59455F582","1","historical-preserve","Keep deprecated-framework provenance.","Hash and occurrence count unchanged.","planned-not-authorized"
"REF-019","projects/content-operating-system/frameworks/execution/content-execution.md","3136E3C4EC191E4D96972CF89A46C6B0412C7A8F2735EA60841CE983F9AAB7B0","1","historical-preserve","Keep deprecated-framework provenance.","Hash and occurrence count unchanged.","planned-not-authorized"
"REF-020","projects/marketing-contextops/AGENTS.md","5CDE76557A418E4B55AE619C28DA580A94201FDA2B86AF330D3AB39179950342","1","operational-transition","Activate reviewed target boundary only inside atomic cutover.","Target is sole current ContextOps controller; old current-route text absent.","planned-not-authorized"
"REF-021","projects/marketing-contextops/decisions/log.md","F3D30174699C6A3DBE826BCEA673EEDF4A85700DD857373D63F48EA90BF9CF17","1","historical-preserve","Do not rewrite P2A history; append later outcome only.","Existing old occurrence remains historical.","planned-not-authorized"
"REF-022","projects/marketing-contextops/README.md","0BB99811E3CCF3DF576203C9482593D876BF004E02A543037E41B37382A4DD7A","1","operational-transition","Replace inactive-predecessor status with reviewed current target status.","No old current-route occurrence remains.","planned-not-authorized"
"REF-023","projects/marketing-operating-system/contracts/cross-system-handoff-envelope.md","EB0041B5338B76A7A698A3C5A1F3942EC88B3FC506CC7E4736D8343B99C79ED4","5","operational-transition","Version contract and replace current specialized paths as one MOS bundle.","All five current references resolve to target and schema hash matches.","planned-not-authorized"
"REF-024","projects/marketing-operating-system/contracts/system-registry-and-ownership-contract.md","14BFD407FB7555871BB3FC73D968086339FA717B96D68C20EBA8D9E0C8D6D63D","5","operational-transition","Version contract and update current owner paths as one MOS bundle.","All five current references resolve to target and schema hash matches.","planned-not-authorized"
"REF-025","projects/marketing-operating-system/decisions/log.md","5384D397599D15D1AC45D055FD7A0CEE0DE1B584099E7188182EA91F9318FE21","1","historical-preserve","Do not rewrite accepted checkpoint history; append later outcome only.","Existing old occurrence remains historical.","planned-not-authorized"
"REF-026","projects/marketing-operating-system/evals/fixtures/cross-system-handoff-valid.json","3159A0FC29A9DCC36A30D1537F1E52BEF48F6A50ED1963D5F9875226DA28001C","3","operational-transition","Update all three canonical paths and fingerprints in the versioned fixture bundle.","Fixture resolves approved target contracts and passes.","planned-not-authorized"
"REF-027","projects/marketing-operating-system/evals/fixtures/fixture-cases.json","43BBC0CFCD5E49A902E0F9A2EABD37979A69F95A5CE1BD78E58F86FBB406FB6A","2","operational-transition","Update two accepted-input paths plus all changed bundle fingerprints.","Fixture manifest and every bound hash match.","planned-not-authorized"
"REF-028","projects/marketing-operating-system/evals/fixtures/system-registry-valid.csv","A9642C4809DBA7D6A090CB9AA2A514B0BBA119C4EF8009E495906A1B57BE76A0","1","operational-transition","Update ContextOps current root and controller with production registry.","Fixture equals approved registry identity and passes.","planned-not-authorized"
"REF-029","projects/marketing-operating-system/README.md","0BE2CAE84D134BB0A64F8FEC0EEE1B5ED922293A547B61BD835560BC1181BE7F","1","operational-transition","Update current-maturity navigation without activating MOS.","ContextOps current route is target; MOS authority remains none.","planned-not-authorized"
"REF-030","projects/marketing-operating-system/registry/systems.csv","A9642C4809DBA7D6A090CB9AA2A514B0BBA119C4EF8009E495906A1B57BE76A0","1","operational-transition","Set ContextOps current_root and controller to target and transition stable.","Exactly one current target controller; registry remains descriptive.","planned-not-authorized"
"REF-031","projects/marketing-operating-system/tools/test-federation-contracts.ps1","76FB60F3451A5752B45EDAB2CE03137F977B849CBEAE22FBB958FB154723963A","2","operational-transition","Update two test expectations and add approved cutover cases.","Old controller/path negative tests fail closed; target positives pass.","planned-not-authorized"
"REF-032","tools/new-historical-recovery-manifest.ps1","23278B8D509C2B1E38D616432BD8B2A7E41C0B1A74549CBCE266888040668D68","1","operational-additive-history-preserved","Keep Legacy branch and add explicit target recovery branch.","Both roots recoverable without ownership conflation.","planned-not-authorized"
"REF-033","wiki/_outputs/authority-to-revenue-agentic-sales-solution-2026-08-03.md","6079BF9363046531D7764DFB403E6AC3BF55A63055EA87583DFDAAB03C10D56C","3","historical-preserve","No path rewrite.","Hash and occurrence count unchanged.","planned-not-authorized"
"REF-034","wiki/_outputs/enterprise-growth-system-framework-engineering-2026-07-20.md","9F84DD42FD22FD924645599A8F6E9E98378EC413A1722F9FD7F678BEB9A92A75","1","historical-preserve","No path rewrite.","Hash and occurrence count unchanged.","planned-not-authorized"
"REF-035","wiki/_outputs/marketing-system-architecture-v0-2/architecture-review.md","A3DD2A7DB6B02FFA152CD1D4D063FB5437B47E0965FD07D00FDB01D6E0DF7505","3","historical-preserve","No path rewrite.","Hash and occurrence count unchanged.","planned-not-authorized"
"REF-036","wiki/_outputs/marketing-system-architecture-v0-2/component-register.csv","CB3C3F409B17241C898809834D20DC4FAC070A43257F560513112D47CDA98708","215","historical-preserve","Keep accepted G1 inventory immutable.","Hash and 215 occurrences unchanged.","planned-not-authorized"
"REF-037","wiki/_outputs/marketing-system-architecture-v0-2/memory-runtime-learning-contract.md","B8CB5FCEEA125E1F6FBDAA523AC95274B0A813498BC6EBD31ACBD8D6964B9623","1","historical-preserve","No path rewrite.","Hash and occurrence count unchanged.","planned-not-authorized"
"REF-038","wiki/_outputs/recovery-manifest/closures/06-content-operating-system.csv","50E36D1AD9E93A4F60C0F1FDC0767E213CEABA312EDCD3C2542A7EB975AF8111","16","historical-preserve","Do not rewrite historical recovery closure.","Hash and 16 occurrences unchanged.","planned-not-authorized"
"REF-039","wiki/_outputs/second-brain-enabled-agentic-sales-enablement-strategiepapier-2026-08-03.md","BF5B3FFB1D9EC623D367E78835AF1A18AF189171CE6F8DA11988DE5B017ECF9A","1","historical-preserve","No path rewrite.","Hash and occurrence count unchanged.","planned-not-authorized"
"REF-040","wiki/index.md","943CC83E67FF06E45F9AA85FDD9E9856E824B269EAA386D56893F5F560B72C3A","1","operational-transition","Replace current ContextOps navigation with target README.","No old current-route occurrence remains.","planned-not-authorized"
"REF-041","wiki/log.md","1977E25D949E0133AE18646221489D4149FBA32FF5885E9E82CDAD89ECED5060","1","historical-preserve","Do not rewrite prior log history; later entries append only.","Existing old occurrence remains historical.","planned-not-authorized"
